Series Name,Series Code,Country Name,Country Code,1990 [YR1990],2000 [YR2000],2012 [YR2012],2013 [YR2013],2014 [YR2014],2015 [YR2015],2016 [YR2016],2017 [YR2017],2018 [YR2018],2019 [YR2019],2020 [YR2020],2021 [YR2021]
Population density (people per sq. km of land area),EN.POP.DNST,Afghanistan,AFG,16.39727703,29.96332889,46.71125063,48.35902826,50.16054153,51.75091455,53.10428376,54.64854116,56.24823145,57.90825169,59.75228064,..
Population density (people per sq. km of land area),EN.POP.DNST,Albania,ALB,119.9467883,112.7382117,105.8540511,105.660292,105.4417518,105.135146,104.9671898,104.8706934,104.6122628,104.1675547,103.5711314,..
Population density (people per sq. km of land area),EN.POP.DNST,Algeria,DZA,10.71404687,12.92106653,15.64426134,15.95498501,16.27388716,16.60262556,16.93690834,17.27162861,17.6035123,17.93031568,18.24365706,..
Population density (people per sq. km of land area),EN.POP.DNST,American Samoa,ASM,239.09,291.15,268.455,264.975,261.085,256.84,252.24,247.315,242.12,236.605,230.945,..
Population density (people per sq. km of land area),EN.POP.DNST,Andorra,AND,113.9765957,140.6319149,151.0914894,151.8446809,152.3851064,152.6510638,154.3404255,157.1,159.6021277,162.4319149,165.3191489,..
Population density (people per sq. km of land area),EN.POP.DNST,Angola,AGO,9.487958611,13.14996551,20.20397209,20.97297024,21.76011631,22.56173979,23.38553461,24.2308719,25.08505093,25.95138205,26.81357664,..
Population density (people per sq. km of land area),EN.POP.DNST,Antigua and Barbuda,ATG,143.9272727,170.5795455,199.2590909,201.1295455,202.8090909,204.4113636,205.8272727,207.0886364,208.2409091,209.3568182,210.6,..
Population density (people per sq. km of land area),EN.POP.DNST,Argentina,ARG,11.92596056,13.54584334,15.2495427,15.42116023,15.59164538,15.76063274,15.92813508,16.09419079,16.2585101,16.42082662,16.58089261,..
Population density (people per sq. km of land area),EN.POP.DNST,Armenia,ARM,124.9223393,111.2933966,102.3681419,101.9102564,101.5079031,101.1097647,100.6615736,100.1729189,99.63319283,99.07277836,98.54611872,..
Population density (people per sq. km of land area),EN.POP.DNST,Aruba,ABW,365.0666667,495.0055556,567.2888889,571.5555556,575.5222222,579.2055556,582.6333333,585.7722222,588.6777778,591.3444444,592.1388889,..
Population density (people per sq. km of land area),EN.POP.DNST,Australia,AUS,2.221356625,2.476966794,2.95920037,3.010573526,3.055814795,3.100112596,3.144935531,3.197365841,3.245784982,3.294351419,3.335312311,..
Population density (people per sq. km of land area),EN.POP.DNST,Austria,AUT,93.04229278,97.08635482,102.1569438,102.7608216,103.5670868,104.7345977,105.8733398,106.6113185,107.1318589,107.6093068,108.0570044,..
Population density (people per sq. km of land area),EN.POP.DNST,Azerbaijan,AZE,86.22276698,97.43477998,112.4607902,113.9234808,115.3488139,116.7310768,118.033289,119.2087416,120.2575919,121.2800711,122.1247368,..
Population density (people per sq. km of land area),EN.POP.DNST,"Bahamas, The",BHS,27.04085914,32.46893107,38.16793207,38.52647353,38.87422577,39.23046953,39.55804196,39.86213786,40.15044955,40.41528472,40.60649351,..
Population density (people per sq. km of land area),EN.POP.DNST,Bahrain,BHR,749.8811594,1002.030986,1590.82987,1638.536364,1700.562905,1750.825193,1809.577664,1867.735897,1906.846154,1908.286079,1882.126115,..
Population density (people per sq. km of land area),EN.POP.DNST,Bangladesh,BGD,823.136291,992.4969425,1168.400161,1183.299831,1198.135507,1212.491357,1227.50686,1242.943566,1257.462995,1271.538926,1286.171553,..
Population density (people per sq. km of land area),EN.POP.DNST,Barbados,BRB,602.0186047,615.4813953,642.3186047,643.872093,645.3325581,646.7046512,648.0209302,649.272093,650.4372093,651.5813953,652.7744186,..
Population density (people per sq. km of land area),EN.POP.DNST,Belarus,BLR,50.21164157,49.19747791,46.5593029,46.53937252,46.55060033,46.61133719,46.64994482,46.59875953,46.50105922,46.41075062,46.21121293,..
Population density (people per sq. km of land area),EN.POP.DNST,Belgium,BEL,303.6983242,338.5485469,366.8075297,368.5405218,370.180218,372.3314399,374.2213342,375.6657199,377.3795905,379.4247028,381.0635403,..
Population density (people per sq. km of land area),EN.POP.DNST,Belize,BLZ,8.004778606,10.53950022,14.77680842,15.11126699,15.44651469,15.7768961,16.10315651,16.42669882,16.74993424,17.05808856,17.31350285,..
Population density (people per sq. km of land area),EN.POP.DNST,Benin,BEN,45.52517737,62.06121852,88.80877971,91.42186946,94.13660873,96.95621674,99.85885952,102.8447943,105.8946701,108.9964881,112.1241841,..
Population density (people per sq. km of land area),EN.POP.DNST,Bermuda,BMU,1098.62963,1145.055556,1199.962963,1203.722222,1206.259259,1208.092593,1195.444444,1182.833333,1183.666667,1183.537037,1183.203704,..
Population density (people per sq. km of land area),EN.POP.DNST,Bhutan,BTN,11.95218629,14.75394472,18.91924863,19.12241257,19.31833565,19.49980324,19.65606648,19.82280306,19.98154169,20.12215522,20.25448348,..
Population density (people per sq. km of land area),EN.POP.DNST,Bolivia,BOL,6.550534478,7.931926521,9.756943598,9.917242684,10.07752885,10.23731653,10.39694914,10.55620142,10.71439583,10.87170221,11.01833472,..
Population density (people per sq. km of land area),EN.POP.DNST,Bosnia and Herzegovina,BIH,87.77949219,81.62792969,71.76511719,70.65544922,69.74742188,68.83445313,67.98800781,67.18802734,66.40876953,65.63888672,64.81263672,..
Population density (people per sq. km of land area),EN.POP.DNST,Botswana,BWA,2.367042507,3.04728001,3.838556279,3.91240626,3.988453055,4.067494221,4.150858433,4.23806751,4.32553244,4.410745858,4.493148413,..
Population density (people per sq. km of land area),EN.POP.DNST,Brazil,BRA,18.03109855,21.04220796,23.92610162,24.13476766,24.34269467,24.54950563,24.74947512,24.94633495,25.14513899,25.33851766,25.50762538,..
Population density (people per sq. km of land area),EN.POP.DNST,British Virgin Islands,VGB,104.1133333,134.0266667,189.4733333,191.0466667,193.14,195.7733333,198.26,200.4,202.2333333,204.0666667,206.0666667,..
Population density (people per sq. km of land area),EN.POP.DNST,Brunei Darussalam,BRN,49.70170778,63.36356736,77.1601518,78.12182163,79.06185958,79.96907021,80.83377609,81.64629981,82.40493359,83.12106262,83.81878558,..
Population density (people per sq. km of land area),EN.POP.DNST,Bulgaria,BGR,78.80583024,73.85132423,67.2981577,66.92257738,66.54327561,66.120035,65.65790346,65.18005711,64.71109985,64.25719418,63.87265107,..
Population density (people per sq. km of land area),EN.POP.DNST,Burkina Faso,BFA,33.37485746,43.43160819,62.55019006,64.46055556,66.41024123,68.41381213,70.45138158,72.49948099,74.53480629,76.57762792,78.66456871,..
Population density (people per sq. km of land area),EN.POP.DNST,Burundi,BDI,213.5433411,245.6253505,381.4438863,395.2327492,408.6804128,417.7238318,424.5843847,434.4078271,447.565109,462.41581,475.8655374,..
Population density (people per sq. km of land area),EN.POP.DNST,Cabo Verde,CPV,90.46228288,113.7099256,132.4724566,133.9801489,135.5027295,137.0138958,138.5593052,140.1870968,141.737469,143.1836228,144.5756824,..
Population density (people per sq. km of land area),EN.POP.DNST,Cambodia,KHM,50.48044414,68.65420915,83.7675051,84.97441083,86.17050193,87.34150804,88.51452527,89.68212667,90.78426241,91.81818491,92.88953093,..
Population density (people per sq. km of land area),EN.POP.DNST,Cameroon,CMR,24.18082968,31.92569228,44.49384189,45.7634702,47.1739227,48.68237609,50.16105012,51.6028453,53.04890313,54.54156036,56.04088553,..
Population density (people per sq. km of land area),EN.POP.DNST,Canada,CAN,3.088601866,3.42261134,3.871939493,3.913066959,3.952604904,3.982215114,4.027563942,4.07616632,4.134148896,4.193949311,4.242576785,..
Population density (people per sq. km of land area),EN.POP.DNST,Cayman Islands,CYM,108.4458333,165.2416667,236.9166667,242.55,248.1625,253.7958333,259.3958333,264.9208333,270.35,275.5583333,280.4625,..
Population density (people per sq. km of land area),EN.POP.DNST,Central African Republic,CAF,4.509327747,6.034174452,7.662053356,7.70879964,7.702870076,7.735935343,7.872125911,8.02070853,8.178079553,8.361944204,8.576551414,..
Population density (people per sq. km of land area),EN.POP.DNST,Chad,TCD,4.627596093,6.559035102,10.12937262,10.49616105,10.87764136,11.22956957,11.58877462,11.9805305,12.39216169,12.80723158,13.21847284,..
Population density (people per sq. km of land area),EN.POP.DNST,Channel Islands,CHI,..,..,..,..,..,..,..,..,..,..,..,..
Population density (people per sq. km of land area),EN.POP.DNST,Chile,CHL,17.94525051,20.64712615,23.32350323,23.54965893,23.78795802,24.0341021,24.32158804,24.7044875,25.15217906,25.60681316,25.95761178,..
Population density (people per sq. km of land area),EN.POP.DNST,China,CHN,120.4482491,133.9719036,143.6851964,144.645433,145.5600508,146.4088825,147.2503025,148.1442254,148.838644,149.3675732,149.7235526,..
Population density (people per sq. km of land area),EN.POP.DNST,Colombia,COL,29.3838603,35.34487156,41.26400811,41.67456512,42.07115548,42.46933574,42.92560162,43.57969446,44.41366471,45.23425507,45.90415683,..
Population density (people per sq. km of land area),EN.POP.DNST,Comoros,COM,231.6598603,288.424503,367.8414831,375.8156905,383.9935519,392.3782912,400.984417,409.2767329,417.1483074,425.0327781,433.189683,..
Population density (people per sq. km of land area),EN.POP.DNST,"Congo, Dem. Rep.",COD,15.87417172,21.44474846,31.3172934,32.40335282,33.53944024,34.69570764,35.91935643,37.17750954,38.41439536,39.65809753,40.95770451,..
Population density (people per sq. km of land area),EN.POP.DNST,"Congo, Rep.",COG,6.985168375,9.177247438,13.80163104,14.13782138,14.47982723,14.82982723,15.18835725,15.55590044,15.93283163,16.31254173,16.69743485,..
Population density (people per sq. km of land area),EN.POP.DNST,Costa Rica,CRI,61.85376028,77.93170779,92.76523698,93.84126518,94.87442225,95.87234626,96.85086173,97.80340776,98.7217783,99.57955347,100.334998,..
Population density (people per sq. km of land area),EN.POP.DNST,Cote d'Ivoire,CIV,37.4545283,52.82915094,69.21607547,70.65807547,72.31306604,74.20358805,76.14346541,78.13841509,80.16977358,82.22500314,84.31380503,..
Population density (people per sq. km of land area),EN.POP.DNST,Croatia,HRV,85.44746915,79.91669051,76.25541419,76.04333143,75.73420413,75.11264384,74.58989708,73.69971768,73.04415338,72.64050104,72.33166548,..
Population density (people per sq. km of land area),EN.POP.DNST,Cuba,CUB,98.94487896,103.4058752,106.042157,108.6315391,108.9408383,108.9326993,109.0158785,109.213921,109.1352987,109.0240559,108.8699229,..
Population density (people per sq. km of land area),EN.POP.DNST,Curacao,CUW,327.4774775,301.4864865,342.5405405,346.4459459,351.1463964,355.8108108,359.6036036,360.7545045,358.8648649,354.5968468,348.9797297,..
Population density (people per sq. km of land area),EN.POP.DNST,Cyprus,CYP,85.33549784,102.6230519,125.1683983,126.2952381,127.3804113,128.4935065,129.6408009,130.7925325,131.9081169,132.9909091,133.9325758,..
Population density (people per sq. km of land area),EN.POP.DNST,Czechia,CZE,133.7304905,132.7172641,136.0971773,136.1599586,136.30338,136.589289,136.8518586,137.2158788,137.6755343,138.2268103,138.5759288,..
Population density (people per sq. km of land area),EN.POP.DNST,Denmark,DNK,128.523475,133.4904,139.7893,140.3733,141.086875,142.087075,143.20025,144.1245,144.8409,145.36055,145.7851,..
Population density (people per sq. km of land area),EN.POP.DNST,Djibouti,DJI,24.89961173,32.01177739,41.16898188,41.92204487,42.66984469,43.41065574,44.14413287,44.87631579,45.60819672,46.33278689,47.03002588,..
Population density (people per sq. km of land area),EN.POP.DNST,Dominica,DMA,92.64133333,91.128,91.85066667,91.75866667,92.49466667,93.34266667,93.43333333,93.87066667,94.43066667,95.23733333,95.99333333,..
Population density (people per sq. km of land area),EN.POP.DNST,Dominican Republic,DOM,147.5678741,176.7913682,207.6357276,210.2473815,212.8361623,215.3970606,217.9174498,220.3942041,222.8427034,225.2511281,227.6891741,..
Population density (people per sq. km of land area),EN.POP.DNST,Ecuador,ECU,37.74684655,50.83953535,62.344512,63.30725157,64.25347882,65.21139475,66.19256321,67.22879691,68.51212756,69.83306491,70.81895233,..
Population density (people per sq. km of land area),EN.POP.DNST,"Egypt, Arab Rep.",EGY,57.47614647,71.69759506,91.65741725,93.80470139,96.02925712,98.17047466,100.2401226,102.2546446,104.214943,106.1014325,107.9563353,..
Population density (people per sq. km of land area),EN.POP.DNST,El Salvador,SLV,259.0337355,287.5715251,297.3595077,298.5348456,299.6875483,300.7271236,301.6655405,302.4446911,302.9122587,303.0992761,303.7032336,..
Population density (people per sq. km of land area),EN.POP.DNST,Equatorial Guinea,GNQ,16.5971123,24.4198574,42.55386809,44.34727273,46.174082,48.02042781,49.87262032,51.71814617,53.55048128,55.36652406,56.9001426,..
Population density (people per sq. km of land area),EN.POP.DNST,Eritrea,ERI,..,23.69188119,26.86272754,27.23161224,27.45811098,27.58311825,27.79449641,28.05730904,28.45588908,28.89661565,29.37742603,..
Population density (people per sq. km of land area),EN.POP.DNST,Estonia,EST,37.01755131,32.95553197,31.20301958,30.31969174,30.24028065,30.26011042,30.2689211,30.816,30.9234386,31.03854971,31.09992982,..
Population density (people per sq. km of land area),EN.POP.DNST,Eswatini,SWZ,49.65180233,59.91255814,64.61883721,65.01854651,65.45726744,65.92651163,66.42581395,66.94127907,67.46674419,68.00075581,68.64273256,..
Population density (people per sq. km of land area),EN.POP.DNST,Ethiopia,ETH,43.48598819,67.031867,83.69022203,86.02407456,88.3858063,90.80046232,93.29886502,95.87318208,98.46999476,101.1195648,103.8400628,..
Population density (people per sq. km of land area),EN.POP.DNST,Faroe Islands,FRO,34.01074499,32.70773639,34.66475645,34.68338109,34.71704871,34.96848138,35.45845272,35.98137536,36.50071633,37.02077364,38.37115666,..
Population density (people per sq. km of land area),EN.POP.DNST,Fiji,FJI,42.7164751,45.56699507,49.86639299,49.99742748,50.11275315,50.20251779,50.26661193,50.30207991,50.30082102,50.27175698,50.37887247,..
Population density (people per sq. km of land area),EN.POP.DNST,Finland,FIN,16.37096096,16.99402147,17.81556155,17.89783145,17.97200303,18.03011089,18.08200783,18.12389445,18.14795012,18.16736091,18.19287688,..
Population density (people per sq. km of land area),EN.POP.DNST,France,FRA,106.00494,111.2583191,119.9185473,120.5395767,121.1053224,121.5367021,121.857823,122.2119706,122.6508802,123.0702941,123.4046994,..
Population density (people per sq. km of land area),EN.POP.DNST,French Polynesia,PYF,57.67459016,72.29242293,82.56525497,82.98242581,83.51282051,84.06424661,84.56957649,85.11956209,85.74070873,86.34889081,86.98357822,..
Population density (people per sq. km of land area),EN.POP.DNST,Gabon,GAB,3.815065782,4.940175418,7.128129002,7.382411612,7.633232429,7.872538518,8.096425661,8.30603097,8.507051655,8.704098265,8.897322156,..
Population density (people per sq. km of land area),EN.POP.DNST,"Gambia, The",GMB,102.827668,142.0493083,203.6575099,209.9672925,216.3062253,222.6416008,228.9729249,235.294664,241.5924901,247.9133399,254.347332,..
Population density (people per sq. km of land area),EN.POP.DNST,Georgia,GEO,84.01273662,71.33088981,65.23800693,65.04195388,65.07250079,65.17505861,65.21405578,65.22278596,65.19733021,65.08556982,65.13027048,..
Population density (people per sq. km of land area),EN.POP.DNST,Germany,DEU,227.5170538,235.5968133,230.7506255,231.1557126,232.1080539,234.1529869,235.7129294,236.5887226,237.2940123,237.8229543,238.0173188,..
Population density (people per sq. km of land area),EN.POP.DNST,Ghana,GHA,67.88688582,86.42657115,118.0397381,120.9703656,123.9182473,126.8829173,129.886187,132.8217544,135.671271,138.5351587,141.4317967,..
Population density (people per sq. km of land area),EN.POP.DNST,Gibraltar,GIB,2731.7,2774.1,3216,3241.1,3245.2,3252,3256.5,3260.2,3264.8,3268.5,3270.9,..
Population density (people per sq. km of land area),EN.POP.DNST,Greece,GRC,79.10622188,83.83093871,85.68666408,85.06757952,84.50281614,83.94788984,83.5994647,83.43428239,83.26518231,83.17751746,82.99921645,..
Population density (people per sq. km of land area),EN.POP.DNST,Greenland,GRL,0.162715833,0.13692289,0.138409063,0.137612377,0.137154343,0.136713363,0.136888781,0.136852235,0.136491656,0.136983798,0.13732976,..
Population density (people per sq. km of land area),EN.POP.DNST,Grenada,GRD,291.3147059,315.9764706,340.9176471,343.9558824,346.9764706,349.9411765,352.8411765,355.65,358.3470588,360.9529412,363.7147059,..
Population density (people per sq. km of land area),EN.POP.DNST,Guam,GUM,256.0425926,296.6444444,308.1333333,309.3592593,310.2648148,311.0703704,311.7518519,312.2333333,312.3666667,312.2666667,313.3907407,..
Population density (people per sq. km of land area),EN.POP.DNST,Guatemala,GTM,84.45422732,108.1537981,137.9427212,140.3880272,142.8360956,145.272667,147.7014744,150.1252146,152.5471258,154.946118,157.3192703,..
Population density (people per sq. km of land area),EN.POP.DNST,Guinea,GIN,25.85929106,33.92872782,43.90644636,44.99198274,46.12308725,47.31400781,48.55520511,49.81600602,51.09418851,52.40737018,53.74065196,..
Population density (people per sq. km of land area),EN.POP.DNST,Guinea-Bissau,GNB,34.62130156,43.77130156,58.77371977,60.3752845,61.99534139,63.61731863,65.2401138,66.85014225,68.45501422,70.07315078,71.68662873,..
Population density (people per sq. km of land area),EN.POP.DNST,Guyana,GUY,3.795356871,3.855986792,3.779354839,3.796901194,3.815671831,3.835565151,3.856169672,3.877327915,3.990419101,4.057673355,4.04979426,..
Population density (people per sq. km of land area),EN.POP.DNST,Haiti,HTI,251.2819666,303.3463353,366.7829826,372.3224238,377.8207547,383.3003266,388.7463353,394.1779028,399.5798621,404.9505806,410.2612845,..
Population density (people per sq. km of land area),EN.POP.DNST,Honduras,HND,45.16251676,59.49347574,78.58045402,80.08452051,81.57874698,83.06823666,84.55445527,86.03844848,87.52211994,89.00553222,90.46173027,..
Population density (people per sq. km of land area),EN.POP.DNST,"Hong Kong SAR, China",HKG,5762.121212,6347.619048,6809.619048,6837.047619,6885.238095,6944.095238,6987.238095,7041.142857,7097.714286,7150.380952,7124.761905,..
Population density (people per sq. km of land area),EN.POP.DNST,Hungary,HUN,115.4332703,113.9362977,109.5809345,109.2795979,108.1138286,107.8569801,107.5391519,107.253627,107.1177296,107.0692636,106.8392395,..
Population density (people per sq. km of land area),EN.POP.DNST,Iceland,ISL,2.541905237,2.805037406,3.199162095,3.229566085,3.265695761,3.299900249,3.346024938,3.425436409,3.498175146,3.575949618,3.634463949,..
Population density (people per sq. km of land area),EN.POP.DNST,India,IND,292.7670835,356.3962192,428.659862,434.2581749,439.6780929,444.931708,450.2357199,455.468934,460.4493174,465.1946394,469.6595667,..
Population density (people per sq. km of land area),EN.POP.DNST,Indonesia,IDN,100.5535938,114.0187774,133.2730561,134.8992569,136.4725262,137.9969896,139.4660624,140.8767911,142.2445488,143.5846338,144.7963882,..
Population density (people per sq. km of land area),EN.POP.DNST,"Iran, Islamic Rep.",IRN,34.25527948,40.24189138,47.47442901,48.17095705,49.09358776,50.21663167,51.14702657,52.08325177,52.76891341,53.35235871,53.79981079,..
Population density (people per sq. km of land area),EN.POP.DNST,Iraq,IRQ,40.37401056,56.31126506,77.97118945,81.73119449,84.64436295,86.97391783,89.1394773,91.26608281,93.49938267,95.74024251,98.02865514,..
Population density (people per sq. km of land area),EN.POP.DNST,Ireland,IRL,51.00847728,55.23550588,66.76633764,67.11882712,67.61126433,68.25311366,69.0279431,69.78353898,70.65344753,71.62636087,72.36728117,..
Population density (people per sq. km of land area),EN.POP.DNST,Isle of Man,IMN,120.8157895,132.5649123,147.9614035,147.6210526,147.1859649,146.654386,146.4035088,146.6315789,146.9736842,147.2508772,147.4491228,..
Population density (people per sq. km of land area),EN.POP.DNST,Israel,ISR,215.3419593,290.6192237,365.5499076,372.435305,379.6534196,387.2504621,394.9168207,402.6478743,410.4805915,418.3918669,425.836414,..
Population density (people per sq. km of land area),EN.POP.DNST,Italy,ITA,192.8504301,192.5554346,201.3395093,203.6871208,205.5645581,205.3665384,205.0179495,204.7109374,204.3222259,201.9805456,200.9991005,..
Population density (people per sq. km of land area),EN.POP.DNST,Jamaica,JAM,220.8707295,241.200831,254.8307479,256.0599261,257.1138504,258.0281625,258.7899354,259.3144968,259.6338873,259.8128347,260.4280702,..
Population density (people per sq. km of land area),EN.POP.DNST,Japan,JPN,338.6670324,347.9917695,350.1481481,349.6433471,349.1796982,348.8093278,348.6310014,348.345679,347.9039781,347.4156379,346.3950617,..
Population density (people per sq. km of land area),EN.POP.DNST,Jordan,JOR,39.44454896,57.30024932,81.23296914,86.67283172,97.52225727,106.9412706,112.2398738,115.0639896,117.8178081,120.4888055,123.0794986,..
Population density (people per sq. km of land area),EN.POP.DNST,Kazakhstan,KAZ,6.055487647,5.513066637,6.219983702,6.310164463,6.40378005,6.498057562,6.591123088,6.681400156,6.769808497,6.85767789,6.947314887,..
Population density (people per sq. km of land area),EN.POP.DNST,Kenya,KEN,40.69696208,54.20741118,76.82785606,78.70184489,80.528276,82.31979478,84.15270408,86.00368451,87.76980005,89.52357944,91.34093545,..
Population density (people per sq. km of land area),EN.POP.DNST,Kiribati,KIR,92.74567901,109.6617284,137.8,139.8901235,141.9567901,144.082716,146.3123457,148.5950617,150.9395062,153.3839506,156.1271605,..
Population density (people per sq. km of land area),EN.POP.DNST,"Korea, Dem. People's Rep.",PRK,172.7391662,194.062445,206.6918861,207.6390582,208.6714642,209.7667553,210.8596545,211.9119757,212.9237522,213.8978573,214.8282286,..
Population density (people per sq. km of land area),EN.POP.DNST,"Korea, Rep.",KOR,444.4254924,487.3326871,515.8755832,517.6122698,520.8524992,523.5255477,525.3700725,526.7348067,528.9690115,530.3772746,531.1090061,..
Population density (people per sq. km of land area),EN.POP.DNST,Kosovo,XKX,..,..,..,..,..,..,..,..,..,..,..,..
Population density (people per sq. km of land area),EN.POP.DNST,Kuwait,KWT,93.99203143,108.580303,190.4973625,204.6306397,211.0877666,219.3458474,227.1652637,231.4760943,242.2662738,249.2199776,244.6938272,..
Population density (people per sq. km of land area),EN.POP.DNST,Kyrgyz Republic,KGZ,22.89468196,25.53910323,29.2346194,29.82064651,30.42492179,31.05787278,31.69708029,32.31595412,32.96558916,33.66110532,34.30604797,..
Population density (people per sq. km of land area),EN.POP.DNST,Lao PDR,LAO,18.69342721,23.53055893,28.20105286,28.59940208,28.99243501,29.4082279,29.85859185,30.3202643,30.78425477,31.24806326,31.71316724,..
Population density (people per sq. km of land area),EN.POP.DNST,Latvia,LVA,42.79735485,38.04698925,32.69190223,32.34362897,32.04046475,31.77924374,31.49014094,31.21230334,30.97006123,30.75549199,30.53911297,..
Population density (people per sq. km of land area),EN.POP.DNST,Lebanon,LBN,351.2903226,422.3501466,506.1913001,555.1173998,613.3276637,625.5073314,611.7907136,597.1898338,581.7046921,565.1913001,553.5604106,..
Population density (people per sq. km of land area),EN.POP.DNST,Lesotho,LSO,59.25550066,65.83102767,67.6784585,68.31156126,69.01324111,69.78000659,70.61501976,71.49594862,72.39845191,73.31034256,74.24571805,..
Population density (people per sq. km of land area),EN.POP.DNST,Liberia,LBR,22.94155939,30.0583887,44.97238372,45.96462832,46.9206603,47.8854755,48.85898048,49.79890988,50.76194975,51.75756852,52.81960133,..
Population density (people per sq. km of land area),EN.POP.DNST,Libya,LBY,2.40800607,2.929623652,3.336025325,3.4015828,3.465544404,3.519235141,3.570362708,3.624959364,3.681526422,3.733412142,3.781637246,..
Population density (people per sq. km of land area),EN.POP.DNST,Liechtenstein,LIE,179.78125,206.4125,228.15625,230.0375,231.85,233.46875,235.05625,236.80625,238.63125,240.5125,242.225,..
Population density (people per sq. km of land area),EN.POP.DNST,Lithuania,LTU,58.99550096,55.83178047,47.67165013,47.19088951,46.80553871,46.36727853,45.78766642,45.15258377,44.73164618,44.6205206,44.63246567,..
Population density (people per sq. km of land area),EN.POP.DNST,Luxembourg,LUX,..,169.4724331,206.2358708,211.0578529,216.0915299,221.2518353,226.0722637,231.6353721,236.1466094,240.827591,244.8742649,..
Population density (people per sq. km of land area),EN.POP.DNST,"Macao SAR, China",MAC,17511.35,21594.8,19490.50167,19583.30033,19939.50495,20238.125,20547.14754,20734.05844,19786.96049,20171.82371,20555.71429,..
Population density (people per sq. km of land area),EN.POP.DNST,Madagascar,MDG,20.43326684,27.88532345,39.47479782,40.54326745,41.62250945,42.71383981,43.83283087,44.98030595,46.14393434,47.32405294,48.51353902,..
Population density (people per sq. km of land area),EN.POP.DNST,Malawi,MWI,101.1843975,119.1067777,165.2657085,169.9700361,174.7768986,179.6663343,184.6162919,189.6602355,194.8226877,200.1202482,205.5267395,..
Population density (people per sq. km of land area),EN.POP.DNST,Malaysia,MYS,53.31625019,69.83761984,90.27609801,91.72061178,93.15616801,94.56348501,95.95622584,97.32401765,98.61290823,99.84483336,101.0500472,..
Population density (people per sq. km of land area),EN.POP.DNST,Maldives,MDV,749.8566667,941.69,1291.796667,1335.76,1389.126667,1451.94,1514.173333,1574.806667,1632.526667,1681.693333,1714.793333,..
Population density (people per sq. km of land area),EN.POP.DNST,Mali,MLI,7.330846835,9.210943378,13.53452085,13.93556167,14.38449258,14.84433326,15.32556897,15.82651472,16.33704423,16.85591916,17.39404519,..
Population density (people per sq. km of land area),EN.POP.DNST,Malta,MLT,1106.78125,1219.021875,1312.5875,1331.146875,1357.99375,1390.790625,1422.9875,1462.496875,1514.46875,1575.19375,1610.4125,..
Population density (people per sq. km of land area),EN.POP.DNST,Marshall Islands,MHL,255.8166667,301.2444444,290.0166667,285.2888889,280.1055556,274.5,268.4944444,262.15,255.4944444,248.4888889,241.1833333,..
Population density (people per sq. km of land area),EN.POP.DNST,Mauritania,MRT,1.946276317,2.614730765,3.527809256,3.631472785,3.728702823,3.828679538,3.931202096,4.03610653,4.143506355,4.253273503,4.364610459,..
Population density (people per sq. km of land area),EN.POP.DNST,Mauritius,MUS,521.5640394,584.6665025,618.6610837,620.0261084,621.1497537,621.9729064,622.4004926,622.962069,623.3019704,623.5029557,623.5172414,..
Population density (people per sq. km of land area),EN.POP.DNST,Mexico,MEX,42.03833843,50.34771573,59.54675223,60.33626688,61.08999048,61.80709226,62.51149515,63.190544,63.79477919,64.34595077,64.81560843,..
Population density (people per sq. km of land area),EN.POP.DNST,"Micronesia, Fed. Sts.",FSM,140.8614286,159.5842857,154.6171429,155.1557143,155.7485714,156.3742857,157.0357143,157.7571429,158.47,159.1128571,160.1514286,..
Population density (people per sq. km of land area),EN.POP.DNST,Moldova,MDA,103.3189814,101.8444824,99.67327595,99.57718425,99.51648849,98.75606783,97.61416583,95.90938838,94.25439467,92.75609357,91.74732605,..
Population density (people per sq. km of land area),EN.POP.DNST,Monaco,MCO,14962.50617,16016.28022,17118.89492,17476.56635,17814.50419,18135.17514,18288.60385,18275.28367,18267.88357,18270.35027,18215.0962,..
Population density (people per sq. km of land area),EN.POP.DNST,Mongolia,MNG,1.396780978,1.58389404,1.79312603,1.827033182,1.864066499,1.903829648,1.945445172,1.988132454,2.031774501,2.075718988,2.115133618,..
Population density (people per sq. km of land area),EN.POP.DNST,Montenegro,MNE,45.08342007,44.97769517,46.14133829,46.18639405,46.23122677,46.25717472,46.26788104,46.2730855,46.26223048,46.24743494,46.19375465,..
Population density (people per sq. km of land area),EN.POP.DNST,Morocco,MAR,55.05447905,63.98031593,74.73038091,75.74171409,76.73897154,77.70660542,78.66292628,79.6059041,80.50080887,81.34530137,82.20652476,..
Population density (people per sq. km of land area),EN.POP.DNST,Mozambique,MOZ,16.91734149,22.59531651,31.13966657,32.11135965,33.11211374,34.13520944,35.22024085,36.33032503,37.41686971,38.51267199,39.64780259,..
Population density (people per sq. km of land area),EN.POP.DNST,Myanmar,MMR,61.35745784,69.6794871,76.88614407,77.55303179,78.20241931,78.83253047,79.49439168,80.10469705,80.6894653,81.2627731,81.85330718,..
Population density (people per sq. km of land area),EN.POP.DNST,Namibia,NAM,1.662853915,2.209599291,2.632693219,2.677683441,2.724436104,2.772660909,2.822033548,2.872054805,2.922032334,2.971788799,3.023355075,..
Population density (people per sq. km of land area),EN.POP.DNST,Nauru,NRU,479.9,518.85,522.2,534.7,547,559.25,571.85,584.1,596.2,606.6,615.75,..
Population density (people per sq. km of land area),EN.POP.DNST,Nepal,NPL,137.1785315,171.3254273,190.657091,191.011894,191.5738123,192.6077782,194.3577677,196.6056924,198.8609138,201.1335612,204.7340565,..
Population density (people per sq. km of land area),EN.POP.DNST,Netherlands,NLD,442.876481,471.7272808,496.8849941,498.7958445,500.5938854,503.1162162,505.8008316,508.8,511.7797446,515.1432729,518.013068,..
Population density (people per sq. km of land area),EN.POP.DNST,New Caledonia,NCL,9.348960613,11.66466083,14.16849015,14.42286652,14.66356674,14.74070022,14.78227571,14.81455142,14.83424508,14.83752735,14.83205689,..
Population density (people per sq. km of land area),EN.POP.DNST,New Zealand,NZL,12.64593065,14.65079184,16.74110364,16.87022901,17.15278569,17.50560176,17.90323193,18.28111352,18.61152254,18.91003,19.33158634,..
Population density (people per sq. km of land area),EN.POP.DNST,Nicaragua,NIC,35.13229184,42.57289347,50.1130713,50.85074788,51.5927871,52.34001994,53.09319428,53.85185308,54.61386904,55.37580189,56.14006149,..
Population density (people per sq. km of land area),EN.POP.DNST,Niger,NER,6.608232415,9.175546696,14.17415884,14.72582222,15.29329281,15.89020605,16.51673088,17.16106576,17.82352412,18.5074548,19.2102621,..
Population density (people per sq. km of land area),EN.POP.DNST,Nigeria,NGA,104.5425925,134.8880442,186.738619,191.8443987,196.9531451,202.0222284,207.1510162,212.4530968,217.8240643,223.222649,228.737667,..
Population density (people per sq. km of land area),EN.POP.DNST,North Macedonia,MKD,80.38434919,79.68344475,81.72260111,81.84107851,81.97743854,82.08667724,82.17644726,82.25622522,82.3242268,82.34314036,82.17807296,..
Population density (people per sq. km of land area),EN.POP.DNST,Northern Mariana Islands,MNP,104.3521739,174.6478261,113.823913,113.35,112.7304348,111.9869565,111.1586957,110.2804348,109.3565217,108.3869565,107.7978261,..
Population density (people per sq. km of land area),EN.POP.DNST,Norway,NOR,11.61271095,12.29579952,13.74032975,13.91208868,14.07044491,14.20793848,14.33542438,14.45257626,14.54888964,14.6479975,14.76721523,..
Population density (people per sq. km of land area),EN.POP.DNST,Oman,OMN,5.830449111,7.574323102,11.42351858,12.3317609,12.95401292,13.54370275,14.21024233,14.67481099,14.86642003,14.8716252,14.67980291,..
Population density (people per sq. km of land area),EN.POP.DNST,Pakistan,PAK,149.7172958,200.2515619,262.3052369,266.3677382,270.1479193,273.6733318,276.9884288,280.6917484,285.0397974,289.6602325,294.7238753,..
Population density (people per sq. km of land area),EN.POP.DNST,Palau,PLW,33.24565217,42.8826087,39.01304348,38.70652174,38.68695652,38.6826087,38.73043478,38.77608696,38.83478261,38.94782609,39.06956522,..
Population density (people per sq. km of land area),EN.POP.DNST,Panama,PAN,32.95625504,40.37841001,50.50930858,51.40645682,52.46617647,53.3877361,54.32185645,55.2625877,56.15064707,57.05758965,57.89156107,..
Population density (people per sq. km of land area),EN.POP.DNST,Papua New Guinea,PNG,8.53458464,12.16335512,17.72412004,18.20789427,18.69044075,19.1718721,19.65103785,20.12718279,20.60068675,21.0716027,21.52903767,..
Population density (people per sq. km of land area),EN.POP.DNST,Paraguay,PRY,10.21695193,12.89659955,14.90894035,15.11616411,15.3302819,15.5498364,15.77300529,15.99648628,16.21779008,16.43600805,16.65918701,..
Population density (people per sq. km of land area),EN.POP.DNST,Peru,PER,17.27273359,20.82378047,23.24186641,23.46781953,23.71402422,23.99364297,24.32248359,24.69178594,25.15933125,25.64442266,26.01934063,..
Population density (people per sq. km of land area),EN.POP.DNST,Philippines,PHL,206.4557065,261.4556226,328.7799477,334.3733675,339.8235939,345.5457122,351.7297716,357.9786732,364.1172351,370.1941979,376.2651407,..
Population density (people per sq. km of land area),EN.POP.DNST,Poland,POL,124.4271181,124.9098208,124.3000588,124.2291107,124.1442732,124.0615696,124.008253,124.0237304,124.0315838,124.0255954,123.8005749,..
Population density (people per sq. km of land area),EN.POP.DNST,Portugal,PRT,109.1062077,112.4579016,114.8034065,114.1561287,113.5417704,113.0725196,112.7163842,112.4418158,112.261936,112.2885828,112.406676,..
Population density (people per sq. km of land area),EN.POP.DNST,Puerto Rico,PRI,398.7598647,429.6059752,409.7506201,405.0819617,398.5201804,391.5706877,384.0667418,374.8913191,360.0173619,360.0556933,369.9591883,..
Population density (people per sq. km of land area),EN.POP.DNST,Qatar,QAT,38.04263566,55.63626184,164.1395349,175.3230835,192.729765,210.1456049,225.8630113,236.0100087,240.7947781,244.3198433,240.2423847,..
Population density (people per sq. km of land area),EN.POP.DNST,Romania,ROU,101.1634402,97.70132341,87.20126511,86.87429031,86.53068063,86.12489569,85.63224531,85.13871262,84.63999478,84.19527121,83.73283206,..
Population density (people per sq. km of land area),EN.POP.DNST,Russian Federation,RUS,9.028057255,8.949015709,8.744144699,8.762785258,8.78187755,8.798804045,8.813796348,8.823220738,8.822067892,8.817695994,8.797354989,..
Population density (people per sq. km of land area),EN.POP.DNST,Rwanda,RWA,296.7151196,328.7389137,439.4136198,449.9939197,460.8208756,471.9480746,483.6197406,495.7575598,507.9776246,520.2686664,532.8886096,..
Population density (people per sq. km of land area),EN.POP.DNST,Samoa,WSM,59.42968198,65.0204947,70.00848057,70.64982332,71.29222615,71.93321555,72.63038869,74.68705036,75.43201439,76.22482014,77.31258993,..
Population density (people per sq. km of land area),EN.POP.DNST,San Marino,SMR,385.5333333,447.05,552.2,554.75,556.4833333,559.5,563.9,567.6,569.2666667,569.6333333,566.7833333,..
Population density (people per sq. km of land area),EN.POP.DNST,Sao Tome and Principe,STP,125.3572917,149.7020833,197.8375,201.8302083,205.7260417,209.5041667,213.1583333,216.7041667,220.15,223.540625,227.7510417,..
Population density (people per sq. km of land area),EN.POP.DNST,Saudi Arabia,SAU,7.445149301,10.02348711,14.33766869,14.64513395,14.94427755,15.23468407,15.54469249,15.90607111,16.28985249,16.66629235,16.7452549,..
Population density (people per sq. km of land area),EN.POP.DNST,Senegal,SEN,39.1419571,50.40402535,68.72608425,70.6153119,72.56172025,74.56594297,76.61848024,78.72951228,80.89601101,83.10798837,85.36913728,..
Population density (people per sq. km of land area),EN.POP.DNST,Serbia,SRB,86.73679396,85.94038418,82.31279442,81.91324034,81.5295678,81.12717814,80.70343014,80.27507432,79.8376858,79.41041619,78.88321518,..
Population density (people per sq. km of land area),EN.POP.DNST,Seychelles,SYC,151.1021739,176.3717391,191.9630435,195.5413043,198.6065217,203.0847826,205.8195652,208.3543478,210.3521739,212.2282609,214.0478261,..
Population density (people per sq. km of land area),EN.POP.DNST,Sierra Leone,SLE,59.92502078,63.50882516,94.05080355,96.49292048,98.92889997,101.3407177,103.8225686,106.3669299,108.9121779,111.482793,114.0755057,..
Population density (people per sq. km of land area),EN.POP.DNST,Singapore,SGP,4547.958209,6011.771642,7524.6983,7636.721358,7714.702398,7806.77292,7908.720733,7882.377809,7897.305322,7965.878492,7918.951253,..
Population density (people per sq. km of land area),EN.POP.DNST,Sint Maarten (Dutch part),SXM,818.9705882,897.6176471,1018.823529,1076.676471,1108.382353,1141.911765,1175.558824,1193.352941,1202.794118,1223.764706,1244.411765,..
Population density (people per sq. km of land area),EN.POP.DNST,Slovak Republic,SVK,110.1702079,112.0316008,112.4517343,112.5726377,112.7006864,112.8031488,112.9533694,113.1287854,113.2855865,113.4389975,113.5363353,..
Population density (people per sq. km of land area),EN.POP.DNST,Slovenia,SVN,99.21355511,98.75496524,102.1140492,102.2816783,102.3823237,102.4461092,102.5241783,102.6108719,102.9922926,103.7119346,104.4088814,..
Population density (people per sq. km of land area),EN.POP.DNST,Solomon Islands,SLB,11.58167203,15.36184352,20.28449446,20.80618078,21.34244373,21.88853162,22.44022865,22.99514112,23.55301894,24.11550554,24.69421222,..
Population density (people per sq. km of land area),EN.POP.DNST,Somalia,SOM,11.15678261,13.90229381,19.83027704,20.48727165,21.21534575,21.94010584,22.78325469,23.6940431,24.56577613,25.47470271,26.36053177,..
Population density (people per sq. km of land area),EN.POP.DNST,South Africa,ZAF,32.87272173,38.59010131,43.80963737,44.41023832,45.11582076,46.0613013,46.51120197,46.6916791,47.26742039,47.88354945,48.47284785,..
Population density (people per sq. km of land area),EN.POP.DNST,South Sudan,SSD,..,..,16.93479341,17.57478043,17.74450335,17.71446046,17.51159939,16.86614973,16.45012739,16.53294827,16.78386372,..
Population density (people per sq. km of land area),EN.POP.DNST,Spain,ESP,77.82180442,81.29832465,93.50683713,93.2009456,92.92273645,92.95268592,93.04926296,93.27091015,93.66979208,94.3508089,94.81538375,..
Population density (people per sq. km of land area),EN.POP.DNST,Sri Lanka,LKA,276.2839898,299.4355924,325.7056291,328.2570563,331.3347154,338.8105278,342.5750893,346.468906,350.284495,352.4316946,354.3323634,..
Population density (people per sq. km of land area),EN.POP.DNST,St. Kitts and Nevis,KNA,156.2923077,174.85,183.5653846,183.7192308,183.8038462,183.8076923,183.8,183.7884615,183.6961538,183.5076923,183.2384615,..
Population density (people per sq. km of land area),EN.POP.DNST,St. Lucia,LCA,233.2803279,261.4754098,283.8098361,285.2098361,286.5639344,287.9065574,289.2016393,290.4311475,291.6196721,292.7590164,293.8311475,..
Population density (people per sq. km of land area),EN.POP.DNST,St. Martin (French part),MAF,..,..,720.52,712.78,705.22,700.4,696.22,689.92,677.04,662.42,651.06,..
Population density (people per sq. km of land area),EN.POP.DNST,St. Vincent and the Grenadines,VCT,288.4282051,291.8282051,277.1358974,275.5128205,274.1333333,273.0307692,271.7,270.6384615,269.9512821,269.0358974,268.2871795,..
Population density (people per sq. km of land area),EN.POP.DNST,Sudan,SDN,8.876635522,11.06850715,18.82215846,19.26697216,19.80901767,20.43424946,21.07985493,21.77720985,22.4834363,23.14351874,23.79041006,..
Population density (people per sq. km of land area),EN.POP.DNST,Suriname,SUR,2.645871795,3.0705,3.577634615,3.615044872,3.651807692,3.688942308,3.727262821,3.766403846,3.805865385,3.848083333,3.891442308,..
Population density (people per sq. km of land area),EN.POP.DNST,Sweden,SWE,21.01154147,21.78061456,23.36962,23.5684835,23.80349865,24.05826177,24.36244975,24.69294198,24.98145887,25.23766548,25.42072337,..
Population density (people per sq. km of land area),EN.POP.DNST,Switzerland,CHE,169.888411,181.7693047,202.3702045,204.7106489,207.2236309,209.5958526,211.8972478,213.883834,215.4651922,217.0076296,218.5990597,..
Population density (people per sq. km of land area),EN.POP.DNST,Syrian Arab Republic,SYR,67.5209272,88.73465013,123.1039427,117.0605075,109.3080216,104.5862768,103.274258,103.3783859,105.2848826,109.4497141,113.1220117,..
Population density (people per sq. km of land area),EN.POP.DNST,Tajikistan,TJK,38.71006002,44.81993427,56.84754215,58.13525293,59.99414927,61.41698249,62.86705094,64.30956841,65.7693782,67.27432092,68.76004755,..
Population density (people per sq. km of land area),EN.POP.DNST,Tanzania,TZA,29.58456988,38.90686837,53.9468695,55.60357078,57.36571687,59.31680176,61.41544592,63.52114699,65.57963762,67.59153195,69.65965003,..
Population density (people per sq. km of land area),EN.POP.DNST,Thailand,THA,108.1023508,123.444583,135.3657793,136.1909648,136.939347,137.5920394,138.2039911,138.7739083,139.2233201,139.5755701,139.9042142,..
Population density (people per sq. km of land area),EN.POP.DNST,Timor-Leste,TLS,50.98224613,59.06926698,76.50813719,78.1139879,79.67921991,81.09031607,82.35117687,83.6069267,84.85843981,86.10880968,87.42400807,..
Population density (people per sq. km of land area),EN.POP.DNST,Togo,TGO,71.26212539,92.07639272,127.3512594,130.6532267,134.0022614,137.4007906,140.8596065,144.3793896,147.944089,151.5553227,155.2230189,..
Population density (people per sq. km of land area),EN.POP.DNST,Tonga,TON,137.1208333,142.5041667,149.3083333,148.7347222,148.0916667,147.3916667,146.8152778,146.4097222,146.0416667,145.7652778,146.1861111,..
Population density (people per sq. km of land area),EN.POP.DNST,Trinidad and Tobago,TTO,246.8846004,259.688694,278.8259259,280.8438596,282.779922,284.6348928,286.4191033,288.2274854,293.3155945,296.2875244,295.9350877,..
Population density (people per sq. km of land area),EN.POP.DNST,Tunisia,TUN,54.32558574,63.67994336,71.92574022,72.73612255,73.56428939,74.39353115,75.21670314,76.0262809,76.80896627,77.55737642,78.28091529,..
Population density (people per sq. km of land area),EN.POP.DNST,Turkiye,TUR,70.58475111,83.30437613,97.80990736,99.49731299,101.49302,103.486322,105.2705768,106.6614165,107.5962527,108.4698933,109.3193197,..
Population density (people per sq. km of land area),EN.POP.DNST,Turkmenistan,TKM,7.916664184,9.723005554,11.61594706,11.83175154,12.05105441,12.2708297,12.48815994,12.70057881,12.90631796,13.10497308,13.30078522,..
Population density (people per sq. km of land area),EN.POP.DNST,Turks and Caicos Islands,TCA,12.32526316,19.73052632,33.76947368,35.36210526,36.82631579,38.46105263,40.25894737,41.94105263,43.67052632,45.34736842,46.60631579,..
Population density (people per sq. km of land area),EN.POP.DNST,Tuvalu,TUV,306.0666667,321.2666667,361.8,363.9333333,363.3,362.5666667,361.7333333,360.9333333,362.1666667,365.2,368.9666667,..
Population density (people per sq. km of land area),EN.POP.DNST,Uganda,UGA,88.01676593,120.2176918,170.9220776,175.9104827,181.211545,186.9008378,193.2390734,200.1151257,207.0386744,214.1885099,221.447292,..
Population density (people per sq. km of land area),EN.POP.DNST,Ukraine,UKR,89.56830931,84.88219556,78.70148105,78.52248843,78.15110739,77.94720434,77.68936629,77.38846021,77.0150466,76.60718502,76.16853469,..
Population density (people per sq. km of land area),EN.POP.DNST,United Arab Emirates,ARE,26.75515348,46.11845959,122.0074486,123.2307378,124.4149676,125.5547592,126.6440862,127.6865108,128.6985215,129.7051112,130.7700507,..
Population density (people per sq. km of land area),EN.POP.DNST,United Kingdom,GBR,236.6287191,243.4279089,263.3001901,265.0695366,267.0288844,269.1531393,271.2007316,273.049473,274.7089819,276.2630802,277.2744182,..
Population density (people per sq. km of land area),EN.POP.DNST,United States,USA,27.25451361,30.79730133,34.31324483,34.55181319,34.8061343,35.06332868,35.31834714,35.54249482,35.73009646,35.89317567,36.23984468,..
Population density (people per sq. km of land area),EN.POP.DNST,Uruguay,URY,17.80946178,18.81055879,19.26141584,19.31882071,19.378711,19.44245229,19.50500514,19.55319392,19.58085933,19.58866987,19.592538,..
Population density (people per sq. km of land area),EN.POP.DNST,Uzbekistan,UZB,48.21344617,56.54215361,68.32147774,69.39872278,70.57934,71.03699501,72.28449968,73.51221549,74.80043669,76.22283256,77.68535119,..
Population density (people per sq. km of land area),EN.POP.DNST,Vanuatu,VUT,12.37752256,15.75668581,21.10853158,21.61886792,22.14331419,22.67744053,23.23363413,23.80959803,24.38867925,24.97161608,25.56890894,..
Population density (people per sq. km of land area),EN.POP.DNST,"Venezuela, RB",VEN,22.39167734,27.6942679,33.41128734,33.82803809,34.2307783,34.61222833,34.85229182,34.65045406,33.81401621,32.84585114,32.30026983,..
Population density (people per sq. km of land area),EN.POP.DNST,Vietnam,VNM,205.5750192,253.9739664,284.8917906,288.3885786,291.1421414,294.1812351,297.1614298,300.0387616,302.825616,305.5770717,308.3591021,..
Population density (people per sq. km of land area),EN.POP.DNST,Virgin Islands (U.S.),VIR,297.0371429,310.4057143,309.1085714,308.6885714,308.2342857,307.7485714,307.1885714,306.5171429,305.7171429,304.7685714,303.6857143,..
Population density (people per sq. km of land area),EN.POP.DNST,West Bank and Gaza,PSE,328.6126246,485.4074751,661.1292359,677.1940199,693.2554817,709.317608,725.4299003,740.0008306,758.9845515,778.2900332,797.8852159,..
Population density (people per sq. km of land area),EN.POP.DNST,"Yemen, Rep.",YEM,25.33310794,35.28363354,49.66833532,51.10896831,52.56606247,54.0116768,55.44633597,56.88654469,58.31867909,59.75091577,61.1475008,..
Population density (people per sq. km of land area),EN.POP.DNST,Zambia,ZMB,10.33966155,13.30544667,19.83435074,20.49392109,21.17030495,21.85693916,22.55580651,23.26915078,23.99264585,24.72521422,25.46135272,..
Population density (people per sq. km of land area),EN.POP.DNST,Zimbabwe,ZWE,26.14422386,30.59241566,34.29063203,35.04051183,35.81686183,36.59024687,37.35996898,38.13131963,38.90961355,39.69137392,40.50579294,..
Population density (people per sq. km of land area),EN.POP.DNST,Africa Eastern and Southern,AFE,21.2667401,27.56047962,37.21955685,38.2544165,39.31609746,40.41781925,41.52046001,42.62314177,43.76896614,44.94681121,46.15069209,..
Population density (people per sq. km of land area),EN.POP.DNST,Africa Western and Central,AFW,22.85474818,29.80526809,41.65456146,42.80499338,43.98244342,45.18022492,46.40599086,47.66186045,48.93406926,50.22298387,51.53667929,..
Population density (people per sq. km of land area),EN.POP.DNST,Arab World,ARB,16.59808281,21.09006628,29.03505953,29.70324997,30.37458933,31.02943629,31.684061,32.33951901,33.01741807,33.6984203,34.29079926,..
Population density (people per sq. km of land area),EN.POP.DNST,Caribbean small states,CSS,14.96316166,16.25822156,17.51017908,17.62599481,17.7375423,17.84513277,17.94558972,18.04034581,18.21575892,18.33790787,18.38895393,..
Population density (people per sq. km of land area),EN.POP.DNST,Central Europe and the Baltics,CEB,100.2329967,98.14558055,94.14015704,93.84889342,93.59047006,93.37544026,93.13795402,92.96902425,92.78931855,92.66895471,92.47028789,..
Population density (people per sq. km of land area),EN.POP.DNST,Early-demographic dividend,EAR,61.39102209,75.30659268,91.11098777,92.41923704,93.73654188,95.04529557,96.35073632,97.64253316,98.89641328,100.1322315,101.3229686,..
Population density (people per sq. km of land area),EN.POP.DNST,East Asia & Pacific,EAS,74.42028923,83.65435133,91.59698372,92.3128,93.00367064,93.66793625,94.29342752,94.96333248,95.54496576,96.0537068,96.46409635,..
Population density (people per sq. km of land area),EN.POP.DNST,East Asia & Pacific (excluding high income),EAP,100.3301518,113.4835093,124.8986952,125.9514517,126.9593451,127.9260735,128.8904453,129.8736266,130.7228675,131.4634011,132.0848031,..
Population density (people per sq. km of land area),EN.POP.DNST,East Asia & Pacific (IDA & IBRD countries),TEA,99.7784367,112.8712217,124.2780877,125.3316948,126.3394926,127.3053279,128.2687995,129.2515433,130.0996428,130.8384988,131.4576597,..
Population density (people per sq. km of land area),EN.POP.DNST,Euro area,EMU,116.1523375,119.9264921,125.4660859,125.8278957,126.2604806,126.6714565,127.024005,127.3330736,127.6361606,127.7819439,127.9538718,..
Population density (people per sq. km of land area),EN.POP.DNST,Europe & Central Asia,ECS,30.76065746,31.43717882,32.60890664,32.76312517,32.92997283,33.08961139,33.24409655,33.37181691,33.47765002,33.56521143,33.63621657,..
Population density (people per sq. km of land area),EN.POP.DNST,Europe & Central Asia (excluding high income),ECA,16.15567273,16.5470466,17.12506665,17.24007208,17.36557675,17.48922882,17.60645861,17.70295781,17.77408043,17.84178647,17.89615446,..
Population density (people per sq. km of land area),EN.POP.DNST,Europe & Central Asia (IDA & IBRD countries),TEC,18.61472239,18.95557266,19.39817931,19.50546972,19.62258513,19.73590249,19.84319805,19.93030995,19.99301952,20.0532011,20.09786369,..
Population density (people per sq. km of land area),EN.POP.DNST,European Union,EUU,105.2091835,107.4398799,110.4837409,110.7145983,110.9703722,111.2300432,111.4556289,111.6508438,111.8465587,111.9414092,112.0225221,..
Population density (people per sq. km of land area),EN.POP.DNST,Fragile and conflict affected situations,FCS,23.9222694,30.3403404,39.95032724,40.92839165,41.8869738,42.83601567,43.80624105,44.79151382,45.78334632,46.81295748,47.88739949,..
Population density (people per sq. km of land area),EN.POP.DNST,Heavily indebted poor countries (HIPC),HPC,18.12982115,24.05322229,34.41748148,35.4023221,36.43345454,37.49095952,38.5854328,39.72151328,40.86744324,42.02674478,43.2109697,..
Population density (people per sq. km of land area),EN.POP.DNST,High income,HIC,29.1884439,31.24521801,33.80807863,33.99897735,34.19341219,34.38561394,34.57172678,34.74799048,34.91599708,35.0633178,35.20689991,..
Population density (people per sq. km of land area),EN.POP.DNST,IBRD only,IBD,48.85840544,56.26921696,63.86929849,64.56616868,65.25964271,65.93232192,66.57807983,67.21043211,67.7894126,68.32425572,68.80420797,..
Population density (people per sq. km of land area),EN.POP.DNST,IDA & IBRD total,IBT,45.08911833,53.15891121,62.41444739,63.26240824,64.10987766,64.9451678,65.77813376,66.6154308,67.42426725,68.21295183,68.97437073,..
Population density (people per sq. km of land area),EN.POP.DNST,IDA blend,IDB,65.09447129,84.68406997,113.2179366,115.6326999,118.0202116,120.2343411,122.5569474,124.9806619,127.5284137,130.147127,132.8820119,..
Population density (people per sq. km of land area),EN.POP.DNST,IDA only,IDX,27.65732711,35.5307584,46.62724749,47.66297234,48.71297374,49.80279303,50.96375319,52.16985251,53.40065455,54.67466133,55.98560133,..
Population density (people per sq. km of land area),EN.POP.DNST,IDA total,IDA,34.26686091,44.22836368,58.28224335,59.55936019,60.84405092,62.14180286,63.50638522,64.92584194,66.38738292,67.89688796,69.45757456,..
Population density (people per sq. km of land area),EN.POP.DNST,Late-demographic dividend,LTE,41.45512289,45.92291638,49.63474979,49.99641113,50.34715986,50.6725072,50.98842551,51.31344169,51.59159049,51.82738037,52.00180046,..
Population density (people per sq. km of land area),EN.POP.DNST,Latin America & Caribbean,LCN,22.00158376,26.00854222,30.04389415,30.37203621,30.69227297,31.00869739,31.32209484,31.62831081,31.91920078,32.20202845,32.46347703,..
Population density (people per sq. km of land area),EN.POP.DNST,Latin America & Caribbean (excluding high income),LAC,21.85488218,25.84772396,29.86807769,30.19788869,30.51974232,30.83856517,31.15951304,31.49116006,31.83640373,32.17242728,32.46509446,..
Population density (people per sq. km of land area),EN.POP.DNST,Latin America & the Caribbean (IDA & IBRD countries),TLA,21.38589438,25.37482083,29.42642226,29.75387006,30.07768759,30.39838647,30.71638788,31.02812527,31.32759983,31.61254707,31.87190988,..
Population density (people per sq. km of land area),EN.POP.DNST,Least developed countries: UN classification,LDC,25.52775309,32.8917973,43.40364181,44.47055709,45.56211686,46.66649651,47.81120657,48.98900103,50.17571563,51.38656492,52.63930013,..
Population density (people per sq. km of land area),EN.POP.DNST,Low & middle income,LMY,45.39046874,53.62581876,63.07564195,63.94236855,64.80721098,65.66000354,66.51154941,67.37089107,68.20634722,69.02220687,69.80781297,..
Population density (people per sq. km of land area),EN.POP.DNST,Low income,LIC,19.58471022,25.92460299,35.94251133,36.86987605,37.80089607,38.77149211,39.80964086,40.89667972,42.02606632,43.21812376,44.43677551,..
Population density (people per sq. km of land area),EN.POP.DNST,Lower middle income,LMC,81.38196456,99.03668948,120.6174753,122.4811099,124.3431721,126.1599448,127.9919411,129.8503123,131.6470983,133.4060022,135.1440262,..
Population density (people per sq. km of land area),EN.POP.DNST,Middle East & North Africa,MEA,22.82190887,28.59703401,36.89687428,37.67024468,38.46133303,39.2491182,39.99852887,40.73119916,41.46115717,42.18572732,42.78880519,..
Population density (people per sq. km of land area),EN.POP.DNST,Middle East & North Africa (excluding high income),MNA,26.47477412,32.84371594,41.22534185,42.04450007,42.90621227,43.76038009,44.56088093,45.35207611,46.13586951,46.93303665,47.69167476,..
Population density (people per sq. km of land area),EN.POP.DNST,Middle East & North Africa (IDA & IBRD countries),TMN,26.26420608,32.52831202,40.79318098,41.60170099,42.45281658,43.29638211,44.08620823,44.86744544,45.63854143,46.42279683,47.1682934,..
Population density (people per sq. km of land area),EN.POP.DNST,Middle income,MIC,50.49869556,59.10800246,68.54035553,69.39507405,70.24663901,71.07543875,71.88942702,72.70335286,73.47960875,74.2197002,74.91804874,..
Population density (people per sq. km of land area),EN.POP.DNST,North America,NAC,15.30369789,17.26155671,19.24890687,19.38975659,19.5377713,19.68232095,19.83351883,19.97073698,20.0941818,20.20613928,20.4052819,..
Population density (people per sq. km of land area),EN.POP.DNST,Not classified,INX,..,..,..,..,..,..,..,..,..,..,..,..
Population density (people per sq. km of land area),EN.POP.DNST,OECD members,OED,31.11473772,33.79773735,36.78004954,37.01686474,37.26778929,37.51446808,37.75130448,37.98057267,38.19382858,38.38202251,38.58900225,..
Population density (people per sq. km of land area),EN.POP.DNST,Other small states,OSS,8.731914533,10.54846774,13.59982528,13.8919592,14.22834034,14.57947429,14.91837541,15.23400665,15.50247174,15.75397231,15.9390293,..
Population density (people per sq. km of land area),EN.POP.DNST,Pacific island small states,PSS,27.66733645,31.7082866,36.65199377,37.05714953,37.4658567,37.87267913,38.28370717,38.72584567,39.13056898,39.53343726,40.01276695,..
Population density (people per sq. km of land area),EN.POP.DNST,Post-demographic dividend,PST,30.75131417,32.55760329,34.54225765,34.69590076,34.85322386,35.00950437,35.15645468,35.29052489,35.41516907,35.51674807,35.64950775,..
Population density (people per sq. km of land area),EN.POP.DNST,Pre-demographic dividend,PRE,20.78865628,27.42548476,38.64426267,39.81261906,40.99084605,42.17005922,43.37504415,44.610805,45.86538766,47.14739616,48.46269902,..
Population density (people per sq. km of land area),EN.POP.DNST,Small states,SST,10.2223257,12.01567894,14.82516628,15.09112905,15.39302497,15.70615733,16.0082955,16.29127215,16.54792385,16.7823639,16.95327258,..
Population density (people per sq. km of land area),EN.POP.DNST,South Asia,SAS,238.8336254,294.7948464,358.0242208,362.8497959,367.5515253,372.1446759,376.6857472,381.301644,385.8461736,390.2620415,394.6507887,..
Population density (people per sq. km of land area),EN.POP.DNST,South Asia (IDA & IBRD),TSA,238.8336254,294.7948464,358.0242208,362.8497959,367.5515253,372.1446759,376.6857472,381.301644,385.8461736,390.2620415,394.6507887,..
Population density (people per sq. km of land area),EN.POP.DNST,Sub-Saharan Africa,SSF,21.87496866,28.42026395,38.89877328,39.97739454,41.08291244,42.22100119,43.37026003,44.53094399,45.72461986,46.94451797,48.18998009,..
Population density (people per sq. km of land area),EN.POP.DNST,Sub-Saharan Africa (excluding high income),SSA,21.87245163,28.41738222,38.8958261,39.97439923,41.07987938,42.21790383,43.36713214,44.52778964,45.72145004,46.94133551,48.18678656,..
Population density (people per sq. km of land area),EN.POP.DNST,Sub-Saharan Africa (IDA & IBRD countries),TSS,21.87496866,28.42026395,38.89877328,39.97739454,41.08291244,42.22100119,43.37026003,44.53094399,45.72461986,46.94451797,48.18998009,..
Population density (people per sq. km of land area),EN.POP.DNST,Upper middle income,UMC,36.14829325,40.49976884,44.25626696,44.63984165,45.02098002,45.38497116,45.72444917,46.05792569,46.35829283,46.62338178,46.83663046,..
Population density (people per sq. km of land area),EN.POP.DNST,World,WLD,40.83736204,47.36795116,54.94011885,55.62014712,56.29996695,56.97083501,57.63601676,58.30260848,58.94560744,59.56808007,60.17073367,..
,,,,,,,,,,,,,,,
,,,,,,,,,,,,,,,
,,,,,,,,,,,,,,,
Data from database: World Development Indicators,,,,,,,,,,,,,,,
Last Updated: 03/01/2023,,,,,,,,,,,,,,,
